SrcSvcName,SrcSvcVerb,DestSvcName,DestSvcVerb,GameId,ReqTime
initiator,StartGame,worldGen,GenerateWorld,78f29306-e0ab-4daa-aa4a-55945b3c723e,16415555
initiator,StartGame,gameEngine,EngineStartGame,78f29306-e0ab-4daa-aa4a-55945b3c723e,15695198
initiator,StartGame,worldGen,GenerateWorld,f1e89514-8ff8-4421-be8b-4f73577ed410,1616501
initiator,StartGame,gameEngine,EngineStartGame,f1e89514-8ff8-4421-be8b-4f73577ed410,2403676
initiator,StartGame,worldGen,GenerateWorld,8d47bf49-5e3d-41a0-a031-0c7a29aee93f,1834506
initiator,StartGame,gameEngine,EngineStartGame,8d47bf49-5e3d-41a0-a031-0c7a29aee93f,2461101
initiator,StartGame,worldGen,GenerateWorld,104247bd-f27f-45d4-8bd1-370401d8dac5,1806659
initiator,StartGame,gameEngine,EngineStartGame,104247bd-f27f-45d4-8bd1-370401d8dac5,1850354
initiator,StartGame,worldGen,GenerateWorld,4d2c7ed8-9a21-4ebf-a138-99474ca43ff3,1303960
initiator,StartGame,gameEngine,EngineStartGame,4d2c7ed8-9a21-4ebf-a138-99474ca43ff3,2055494
initiator,StartGame,worldGen,GenerateWorld,0f5e5acd-1b34-489a-90b0-488a6cfa2f38,10301084
initiator,StartGame,gameEngine,EngineStartGame,0f5e5acd-1b34-489a-90b0-488a6cfa2f38,2060174
initiator,StartGame,worldGen,GenerateWorld,356417bc-825d-4e1d-9f61-74a4bd744936,2047831
initiator,StartGame,gameEngine,EngineStartGame,356417bc-825d-4e1d-9f61-74a4bd744936,2542572
initiator,StartGame,worldGen,GenerateWorld,f952873f-3b18-484e-90fa-2702908646b5,1774268
initiator,StartGame,gameEngine,EngineStartGame,f952873f-3b18-484e-90fa-2702908646b5,1865658
initiator,StartGame,worldGen,GenerateWorld,703032ac-28a4-4421-b47a-232004d16cb0,1435024
initiator,StartGame,gameEngine,EngineStartGame,703032ac-28a4-4421-b47a-232004d16cb0,1870116
initiator,StartGame,worldGen,GenerateWorld,38a26d40-867a-402c-ba5f-ed24241fb4e6,1299154
initiator,StartGame,gameEngine,EngineStartGame,38a26d40-867a-402c-ba5f-ed24241fb4e6,3046312
